1.090559130095784646e+00,-1.140565713928475500e+00,-9.669136981654467000e-01,1.405761650968979648e+00
-5.219607560489663012e-01,-1.065058733017711257e+00,-9.597372424520476120e-01,6.513243793288977512e-01
-5.851903584550444126e-01,-1.257428254619287866e+00,-7.450540631391533442e-01,1.755583101124948697e-01
1.065781628666831043e-01,-1.109854616937168581e+00,-9.584378686974044381e-01,1.071082477714959236e+00
4.896784698354690879e-01,-1.257293726701120828e+00,-7.220877819105346873e-01,5.235484531907871331e-01
-5.595165456946992188e-01,-8.771263507584537988e-01,-7.349502804671322886e-01,5.152360602190184657e-01
1.035001108270058978e+00,-1.068875247196988010e+00,-8.545496714516409575e-01,1.248310063397429115e+00
-4.696473629206821682e-02,-1.134081158678781343e+00,-9.277304694951797881e-01,9.153342547743464896e-01
3.778023302157602070e-01,-1.240341057415477843e+00,-1.026552269950059770e+00,1.173054232441320233e+00
2.341092114056783746e+00,-9.970486667266486025e-01,-5.162771125772386283e-01,1.014063981585209495e+00
-1.905243101942127176e-02,-9.794225217778784742e-01,-7.949299222267610654e-01,7.530056354681533559e-01
6.191700399245692044e-01,-1.110798357825029337e+00,-9.851252036258474343e-01,3.372270974713489355e-01
5.888622697147273266e-01,-1.800984501640600366e-01,1.592561925807557122e-01,1.666626378776506989e+00
4.894772960811585305e-01,-9.868502847721694060e-01,-9.158053065744584664e-01,4.050295472481508785e-01
-3.125492541342714814e-01,-8.762841491688846407e-01,-7.080835683970664318e-01,7.269188491038390543e-02
5.607559030644734266e-01,-1.190370525303971361e+00,-7.493842665326511110e-01,2.951066009121240397e-01
-8.376714013137009918e-01,-8.512976447203304264e-01,-6.250423003967781055e-01,-1.194513855521837364e-01
-5.939359304203640777e-01,-6.110274450881351127e-01,-7.205568098210192174e-01,1.711712673141661534e-01
9.062135132066138077e-01,-9.952965728713577542e-01,-1.113695427129713256e+00,1.477087070452841600e+00
-8.312129157777558008e-01,-9.321545454780963968e-01,-1.046924079040545408e+00,-7.089418048982872866e-01
8.258373604109964239e-01,-1.173772707455645881e+00,-1.099421768057085469e+00,1.516632067944636342e+00
6.212470757179673342e-01,-1.088425866016363042e+00,-1.189484163613105272e+00,1.885876167552397398e+00
1.360154329413472141e+00,-1.184526806293971557e+00,-9.352405852265194275e-01,1.267915746925185827e+00
1.015893904913347967e+00,-1.146194423611925250e+00,-1.099191058838437263e+00,1.201092957696827668e+00
2.902925324005911079e-01,-9.241722078109992911e-01,-9.743865593369195333e-01,1.501189677047551241e+00
7.074753066641564780e-01,-8.535161642176489760e-01,-7.854239657273184294e-01,2.348419603893276142e-01
1.468968007575922607e+00,-8.014986971734986421e-01,-6.914576171992146136e-01,6.888801510588827837e-01
1.361377124488270862e+00,-1.215998242712735156e+00,-8.619193548523310655e-01,1.845621972139329880e+00
1.926780024815880399e+00,1.014520639790980894e-01,-8.038392093469932664e-01,2.221582151998277688e+00
1.003949058467488165e+00,-1.158847506114289549e+00,-8.571265610826601655e-01,2.105333812533927595e+00
-1.336730754929427167e-02,-9.767164125705245503e-01,-8.747065370553355201e-01,1.771746030812922923e+00
2.110813538729852112e-01,-9.967815334625844681e-01,-8.329292153674839883e-01,1.421624572467501679e-01
1.858986232047343146e+00,-1.046150756125126646e+00,-8.158952354021801190e-01,1.075490368522692419e+00
9.046857250754695157e-01,-1.179492265893916869e+00,-8.635919536017427900e-01,9.230304909561912741e-01
-7.573410185133309103e-01,-6.760432180570723482e-01,-6.868317845602370797e-01,7.037300828448948831e-02
1.915736449295512012e-01,-1.187050561924100300e+00,-6.897993016375735253e-01,7.577614914105313959e-01
8.655195800368411518e-01,-1.203906472706713471e+00,-8.809129070821491991e-01,7.220680379061733545e-01
4.787706587112179335e-01,-1.085779630073766100e+00,-8.493981531667043061e-01,7.020760870039252088e-01
-2.617293148841722816e-01,-1.140000128150358671e+00,-8.107235132815773238e-01,5.594255765876320341e-01
7.398981570770144511e-01,-6.710100438585685501e-01,-2.066313462298734471e-01,1.317206183144541631e+00
7.149065239222189838e-01,1.105546819540135450e+00,-2.716436114680292890e-01,2.604193104846314721e+00
1.633572175454409969e-01,-1.170163144259791288e+00,-9.011020596600497479e-01,1.321207250176175130e+00
8.327794959084269255e-01,-1.201548091015496311e+00,-1.236435083308076166e+00,2.202701397094958491e+00
-4.466951879176103701e-01,-8.121543505346935365e-01,-6.968831121743664925e-01,5.182424426800771311e-01
9.699980989537413389e-01,-1.001806093367027639e+00,-1.037583866814858702e+00,1.475245259725827429e+00
1.238006551848799708e+00,-8.317886891055413789e-01,-9.722570253407999408e-01,9.292071794114207250e-01
1.000592057039643379e+00,-9.672665493824335048e-01,-7.759122849003884381e-01,6.328569692665551027e-01
6.474407902729976128e-01,-1.023119924584437790e+00,-1.085399840011304962e+00,1.611933253384228326e+00
-1.406998425246882567e-01,-8.042990022266841565e-01,-7.881755296333593508e-01,1.449277466954125515e+00
-8.957767441743629266e-01,-7.268725843249738139e-01,-6.592561761425443922e-01,-2.586411450666267209e-01
6.934849364088446766e-01,-8.721346831045223569e-01,-1.023049713112357706e+00,1.974264365080479200e+00
1.207740359565299570e+00,-9.222516494048803581e-01,-8.438523306188137063e-01,1.179350767132329114e+00
8.442916729261817910e-01,-1.000271786082060244e+00,-9.156768300248749881e-01,6.641464382805217781e-01
3.781263479845256015e-01,-1.105520340284098291e+00,-9.472543223928985290e-01,1.938974477782154482e+00
-3.590686267559524414e-02,-8.243797436013854396e-01,-8.152416414566814318e-01,3.142948591108707945e-01
6.527206584845826054e-01,-9.768225801270543629e-01,-1.035667369481824363e+00,1.342584225452743141e+00
1.089962724476215561e+00,-8.189900575022247553e-01,-9.487956405406097193e-01,2.336135989857917039e+00
1.252096482341789940e+00,-7.843034911026780520e-01,-9.139994176066446041e-01,7.420468703553068091e-01
2.449779796640879082e-01,-1.029844320439532890e+00,-8.195998611147327084e-01,5.026525100310638150e-01
1.907058435601033608e+00,-1.131365515114967524e+00,-7.082193602554252010e-01,1.827308085561226259e+00
6.375416161058573561e-01,-9.204061074903122641e-01,-1.176536282750489049e+00,1.673187386235767349e+00
-1.383006224753634550e+00,-3.725719076353550263e-01,-5.432871283551481412e-01,-4.954261462031431251e-01
3.520566953356816381e-02,-1.242902340412389783e+00,-8.125682669164688843e-01,1.247387588585598728e+00
-5.079760872811195371e-01,-7.787186758486828175e-01,-6.980116854282728545e-01,4.591638855802156888e-02
3.267491564264932702e-01,-1.078417703401075123e+00,-7.569398696193296860e-01,2.065161229151729394e+00
-1.998711574710602401e-01,-9.619310389552259144e-01,-8.429350683241558784e-01,1.593322480767517924e+00
-3.577140995687549951e-01,-9.642446037671335013e-01,-7.700579627669473792e-01,1.081232311415409209e+00
5.166029223948591653e-01,-1.119146643977582789e+00,-9.162030316383801276e-01,1.547234487519077106e+00
-2.731121462356162488e-01,-7.838418893313225944e-01,-1.016326190092552428e+00,-6.144389813570811931e-01
1.859850647809397906e-01,-1.115992662935168189e+00,-8.690652322336755997e-01,7.783707879619973236e-01
1.259078654164271116e+00,-1.026203216518105421e+00,-7.662389529750268657e-01,1.357337913348634295e+00
1.631039313100336730e-01,-9.982957458625241198e-01,-7.225124441187666946e-01,1.106958442913385188e+00
-1.235830137325525518e-01,-8.890237320159071199e-01,-9.659850593381028583e-01,1.401257114932717540e+00
-5.335456395815968422e-01,-8.540003607121092744e-01,-1.042612471720153033e+00,1.263131009583000341e-01
8.938746655830899224e-01,-1.234503773437916285e+00,-6.542403335884295901e-01,1.942585196183270302e+00
2.873907782117667287e-01,-8.900123223327729427e-01,-8.717766042939849580e-01,1.033296909987101886e+00
-1.092612573479116028e-02,-1.192067542244539036e+00,-7.458740775562938685e-01,1.029817799397599209e+00
-3.624502705638822375e-01,-6.204478021105058749e-01,-7.623090729744455007e-01,-1.494045773451174175e-01
2.635117929912608389e-02,-9.848860648748058999e-01,-9.581321489810495917e-01,1.049211676469988141e+00
7.024783013104451967e-02,-1.152658119755963773e+00,-7.370606493524037850e-01,1.199175830678397725e+00
1.422830278940512505e+00,-1.040721331222894896e+00,-7.026241218676084754e-01,1.859724943544013742e+00
-2.879414658317116515e-01,-8.775148608847482823e-01,-1.061897224034617615e+00,5.123299519761613796e-01
-1.827890144406194850e-01,-9.141924222138290146e-01,-7.726473909364076631e-01,4.224367384047885698e-01
-3.520739997020063683e-01,-1.018802657252583233e+00,-9.954035021920992765e-01,1.197425365466979974e+00
3.954798368555192400e-01,-9.987808645380549244e-01,-6.149383427834301807e-01,8.611752546015716270e-01
5.033946277770207089e-01,-1.014882265996598587e+00,-1.038452798294506652e+00,1.581464689696987724e+00
-4.040068647989689676e-01,-8.192335830189281243e-01,-6.946393475648663385e-01,-1.752564217631571719e-01
1.586877260570283138e-02,-9.765740085623716427e-01,-9.436433909013497434e-01,1.251353278581385009e+00
-6.767158256230801916e-01,-7.479332377540287569e-01,-6.802351963073834940e-01,-3.718106446136108523e-01
-5.772826820598134789e-01,-9.916366695117473373e-01,-9.310836427064976828e-01,7.104581722829728108e-01
1.605072411847759506e+00,3.335523035545999715e+00,-9.612744152264414144e-01,1.181398299592127055e+00
2.353311661148809186e+00,3.927645647900630976e+00,-1.100512384054883608e+00,1.644248412426392303e+00
3.061172170956239835e+00,-1.612679716740291480e-01,1.518979260807252762e-01,-1.670394054852714916e-01
5.140459933658059200e-01,2.381705212887707646e+00,-9.907924482726271354e-01,-1.275957048228745783e-02
1.230225558064539593e+00,3.280231593811542279e+00,-1.307628393984410220e+00,8.094217262460243756e-01
-1.810098187043134577e-01,9.172466919351047743e-01,1.207857522149597740e+00,-1.317014397447435411e-02
2.024036577550953453e+00,-5.255487242170743256e-01,2.848985647159232304e-01,-8.225342435252532836e-01
-1.908183894439984679e-02,7.973093429453258496e-01,2.811710120251440070e+00,8.850575224461706414e-01
-1.794110588832339981e-01,7.310731751036330106e-01,9.771194822429478677e-01,-5.480113961548954693e-01
1.952318568981885827e+00,-4.288229531444444076e-01,2.989107743590943000e-01,-9.281649838567148647e-01
2.333835137390248615e+00,-5.620587556847461697e-01,5.904328912435812260e-01,-7.651318124245292118e-01
2.547694779907570428e+00,-6.112207181585026516e-01,2.389258998451661287e-01,-3.358489210646508072e-01
4.723051476619165578e-01,4.926360172213342659e-01,3.143214060956932787e+00,1.216566604855050748e+00
1.336846814802504557e+00,3.037571656541196319e+00,-5.147016687182696115e-01,8.327860572967998865e-01
2.590955849565862668e+00,-4.957576280304966665e-01,3.081242134440754787e-01,-7.679935269383340035e-01
3.051916103613662834e+00,-4.481154327062766840e-02,5.216751803015309275e-01,4.375353927143130206e-01
1.659186907801613264e+00,-6.009098092777971356e-01,9.306543418190164896e-02,-1.438546469426049024e+00
2.361842432618498133e+00,-5.727776209527942752e-01,1.943650271830338339e-01,-6.034988000277591302e-01
4.481891028098579088e-01,3.920722207159063610e-01,3.230297279873963312e+00,1.213806372030352687e+00
7.845011785266945425e-01,2.571557189759396067e+00,-8.257515616877687537e-01,3.711001817834498617e-02
1.942486245059302119e+00,-4.711762678950692784e-01,3.004901251363679138e-01,-1.155875479509701043e+00
2.468521675070788568e+00,-5.012522935686862802e-01,1.890850395864907552e-01,-1.056526076857086327e+00
2.240383785040236386e+00,-5.243170977116444753e-01,1.401772481638275114e-01,-6.217386628402533644e-01
2.033523778511928004e+00,1.217261352282833942e+00,2.890046888932412017e+00,1.817784335937882911e+00
5.197800636312824851e-01,7.146105978936265757e-01,3.329734276466884690e+00,1.314194570583123056e+00
1.540887879219481782e+00,-4.542797920550265545e-01,3.731207306295214465e-01,-8.291490843118851650e-01
2.916055782393164986e+00,1.265962985429240073e-01,5.623243217621457513e-01,2.331187515814552025e-01
6.649723716201962898e-01,2.662619234572254800e+00,-7.440284018402569810e-01,7.881328412918375825e-02
-1.116300809940566685e+00,1.098250664191771753e+00,-8.204087490998820398e-01,-1.483654929990919413e+00
-1.128238826475771228e+00,1.147778273315309905e+00,-9.791875662674343062e-01,-1.887945447037980617e+00
-1.449593794838355265e-01,2.165289816542358192e+00,-7.481174046318953552e-01,-3.903485046994133456e-01
-1.147579389187210586e+00,1.962205052519912507e-01,1.023974112409557824e+00,-6.835727343759325780e-01
-1.557886382357881683e+00,1.467051581535037119e-01,1.049770947075992833e+00,-1.037916392537231669e+00
-3.128581809302968808e-01,2.042635426979274804e+00,-9.555811336102492115e-01,-5.690583214276986324e-01
-1.228840030873931122e+00,1.106025252942100190e+00,-7.708729110331120626e-01,-1.596073224572759131e+00
1.591284998239087312e+00,-5.937366428241372951e-01,-8.221132693138176115e-03,-1.640539456238675475e+00
-3.864896929699942474e-01,2.103415350202430645e+00,-1.057562466655242561e+00,-1.175234582160376018e+00
-5.323894566537317082e-03,-4.184924926945284285e-01,-3.712362081964787341e-01,-2.104620166198096332e+00
1.558848978311219602e+00,-4.557163330362659082e-01,-1.043465214870829688e-01,-9.458829884960426870e-01
-3.195960165289198907e-01,4.824593459630866499e-01,1.839541021378672037e+00,-2.747045417278394241e-01
-7.149250385289872556e-01,-3.635251713228228043e-01,-3.064420039406173246e-01,-2.219634341558347046e+00
-3.818031626746986040e-01,-6.819663339660747559e-01,-2.466783479894381348e-01,-2.160314509444915654e+00
-3.121525517446623321e-01,2.280145515286302604e+00,-9.291831775024605999e-01,-7.721800970736476533e-01
3.830812215742698257e-01,-6.926076560061850129e-01,-1.928260864749652692e-01,-1.586642564086600427e+00
9.387503802853512935e-01,2.820366907160519077e+00,-6.575828412925728284e-01,6.974874153345301808e-01
-4.108670278818587485e-01,2.029991326463038703e+00,-1.116443105731489194e+00,-9.540261884263673275e-01
1.189854085720799315e+00,6.929757971806533856e-01,-3.239876258803442988e-01,3.201209307707689966e+00
3.586009074004240516e-01,2.820017162926615750e-01,-1.524466867361365663e-01,2.551140773547451168e+00
-1.106045574140269494e+00,-5.126447919217774762e-01,-5.540885598909922605e-01,-1.384750370519268747e-01
3.837158359703161659e-01,-5.725073786804001086e-02,-3.397109966312356066e-01,2.465760213199037487e+00
-3.496914941469608795e-01,-2.361274362514780845e-01,-5.372872201121224878e-01,1.596103404061433251e+00
-4.239252160465269981e-01,4.427729238919455579e-01,-2.210071745649695996e-01,7.017339205201924557e-01
-3.384657727307561759e-01,3.133073778221791006e-01,-3.358804336422499537e-01,1.422745004455220563e+00
-1.785101379975358449e-01,4.962121679880192038e-01,-4.837412439272498199e-01,1.403685352267633357e+00
1.218558511989051157e-01,-9.401358092559791713e-02,-8.897802159993584148e-01,1.760237692134857701e+00
-3.603885194177897655e-01,-7.920578239836244538e-01,-7.123257736472330404e-01,1.175559771765472883e+00
1.331556067321868264e+00,1.063678134381822904e+00,-5.108269491805613738e-01,2.547004006491333072e+00
1.512863563295565872e-01,1.105586574183196724e+00,-2.467981356616331667e-01,1.350194648766149363e+00
2.194456222786296262e+00,1.625163787076121302e+00,-1.137570378753051531e-01,4.530752833893552989e+00
-1.528370138240409404e-01,-2.353734122169794385e-01,-6.979451581037778851e-01,1.227511870859470555e+00
-9.691713546068588814e-01,-5.444452396447009290e-01,-8.429312431932061145e-01,2.721951784745720720e-02
7.329701234460462844e-01,4.814058520086055837e-01,-1.550620171512695211e-01,2.887278470292288901e+00
3.633027276776629004e-03,-8.287841847276945784e-02,-6.508373786230804425e-01,1.964609223657010517e+00
1.996379384536240420e-01,1.704034741665016728e-01,-5.961865130684758096e-01,2.163999395686254434e+00
-2.524796339659355904e-01,-8.093777265229500362e-01,-9.603769939317676752e-01,9.082888882124209307e-01
-3.418277222758617229e-01,-1.054318691248967710e-01,-5.127233720418050700e-01,1.785211123932717525e+00
-1.455836135914623242e+00,-6.729339190145963157e-01,-4.512937754860523176e-01,-3.629449336146780558e-01
-3.475518569912829370e-01,8.158177418880209475e-02,-3.901228616351323786e-01,2.358065083881360380e+00
-8.889305183420445067e-01,-6.304882359455658003e-01,-8.629269290671850445e-01,1.387878834569454267e-01
-7.039813397290699548e-01,-5.993060931396727575e-01,-7.115700902722120746e-01,6.624764063123997904e-01
-6.598347977635916628e-01,-8.408134881178919162e-01,-5.857077530162997370e-01,8.651651893520391212e-01
-3.420667694437883322e-01,-2.912628893973676636e-01,-8.280752058685046935e-01,1.205924086432289544e+00
6.671115930292181861e-01,-1.066986007759540112e+00,-1.239554907435931996e+00,1.825948801215816042e+00
7.418312548892695701e-02,-9.248557374272444731e-01,-8.155111828924982431e-01,6.735884059748654673e-01
9.979439045853977230e-01,-1.276367478120925769e+00,-1.255135131988176278e+00,2.289989371138916319e+00
-2.773655855168871698e-01,-8.888915601564892910e-01,-9.134259119179303221e-01,1.143005658954227677e+00
5.447570858980445019e-01,-9.981270422765056161e-01,-1.272899144738958377e+00,1.475288207795413031e+00
3.530834230917384020e-01,-1.006664390059596403e+00,-7.273813174680637816e-01,4.082849236103280877e-01
5.092926264019494997e-01,-1.131310752277526532e+00,-1.208729654922583885e+00,2.168932230513734183e+00
-6.599465010927250130e-01,-6.770156699337570583e-01,-9.331307077551108664e-01,8.849769219952988708e-01
7.628153130638750667e-01,-1.268224907595110862e+00,-9.718205667617354493e-01,2.089079004722630639e+00
1.014853228055322409e+00,-1.130547888461505446e+00,-8.468726309908812810e-01,9.377807681826096919e-01
8.429137682449417968e-01,-8.198214330792172877e-01,-8.096590158889375166e-01,6.803991690903296030e-01
7.539703123142261765e-01,-1.081413750020306264e+00,-1.122644279322700722e+00,2.004517894739084927e+00
7.937721636914554235e-01,-1.134251038130009492e+00,-1.034549286808112756e+00,1.332184297610246926e+00
5.287620510258721207e-02,2.518911821444946297e-01,-2.751837526550853230e-01,2.372616701808436979e+00
4.829818268142849202e-01,-1.121108396216041525e+00,-9.871836133448079753e-01,1.578160809191180958e+00
-3.525071773594242175e-01,-1.091330082525712619e+00,-5.836345301878957947e-01,6.240107862762401814e-01
-7.311747766366629708e-01,-1.010776336664170660e+00,-8.878934177890626112e-01,3.367552778724928753e-01
4.993835277313369847e-01,-9.505983270711948485e-01,-7.861579177327796542e-01,6.584409109273648975e-01
1.047578154215203922e-01,4.082699628355749844e-01,2.828467626964168868e+00,9.834327431159598509e-01
-9.134564832694362646e-02,4.835200777867888489e-01,2.716650817966570042e+00,5.889991271880781198e-01
1.721428951199341473e+00,-2.699659576073944467e-01,-1.420133502895052358e-01,-1.269098672240931203e+00
7.059056617881942497e-01,-1.989616666141517110e-01,-4.646136382325152803e-01,-2.063670838072754421e+00
2.572554742290622531e+00,-2.969394113215676478e-01,1.236740994885389272e-01,-7.391792257647540332e-01
1.177872120465256467e+00,-5.518069961220749553e-01,-2.291957196401163688e-01,-1.358853410698860120e+00
-1.147646939371740116e+00,1.274991898041993199e+00,-1.270470521020806931e+00,-1.818380804640918225e+00
-9.880865479032764631e-02,9.747016896559250743e-01,1.268353859256867500e+00,5.842403909649248606e-01
-1.040782670766400519e+00,2.145962203881050245e-01,1.361538768297830160e+00,-7.441056806639602117e-01
-4.982675667804099123e-03,1.039716004403419269e+00,1.428397835988139519e+00,3.939863783697490907e-01
-1.080484478467242271e+00,4.082793367073880852e-01,1.389309428043146166e+00,-7.064978857846534455e-01
-1.382231796454274297e+00,2.068009802133956576e-01,8.357222855704775633e-01,-1.255234210572739206e+00
-8.652213281978021753e-01,1.562963230324868391e+00,-8.063472410177231486e-01,-1.239133390036927240e+00
-1.163876626836684469e+00,2.495399372975980190e-01,1.134947437479256305e+00,-8.462575524403348481e-01
-8.168573676838686293e-01,1.639532443311309207e+00,-1.016410347878110132e+00,-1.552067654859626833e+00
-6.530557222354842484e-01,-3.650766871333158692e-01,-2.701707323893546286e-01,-2.197811854719027735e+00
2.678449440833817974e+00,-5.324187747119645264e-01,3.396576640919184986e-01,-4.700265352849115619e-01
-2.347170802011791790e-01,-6.226273517350668918e-01,-7.449067029922959993e-01,-5.458042241077742940e-01
-4.917897202401132484e-01,8.232213408960317169e-01,6.572162923319913030e-01,1.989080021882039806e-01
1.629793489800029471e+00,-4.978319761295560419e-01,9.071538455001151857e-02,-1.082230567137045574e+00
2.057704966246112654e+00,3.764161509232065050e+00,-6.196461862867210790e-01,1.479836880224508322e+00
1.829520304751697912e+00,2.803219548124797900e+00,-9.709877650660406756e-01,1.431658630667448362e-01
3.774413523294867900e+00,-2.447836980005416441e-01,4.451417185627511430e-01,1.105194069105905758e-01
2.264530590362388462e+00,2.998102620165692844e+00,-9.471681859555777239e-01,2.929301238187597134e-01
2.423307931262582482e+00,-3.989006744752688349e-01,2.311411205082223863e-01,-5.128045915655670139e-01
4.753475069088073823e+00,1.431147244749812197e-01,4.408252871521168847e-01,5.414022428490873340e-01
9.632691673895885653e-01,2.994408006608444417e+00,-9.180510305327526099e-01,7.471963407125964407e-01
9.634010249938941284e-01,2.913361323516459933e+00,-1.002896264552897154e+00,-1.961478883608862855e-01
3.659472337949274401e-01,1.018699839649756633e+00,2.117345470909345995e+00,1.173655226664747753e+00
1.318751347862293644e+00,3.303566956455279868e+00,-1.348052020499502790e+00,3.103729994323967678e-01
1.189158931708507838e+00,3.047629604414439974e+00,-6.037493688037485207e-01,6.827725899297584222e-01
2.246128008600334347e+00,9.183181056590281610e-01,-7.258328805041401877e-01,-1.179551097575436858e+00
1.159176622839326321e+00,3.119535540089414027e+00,-1.240029716945056926e+00,2.419825557160556750e-01
6.267885583231631585e-01,2.957983192108628590e+00,-1.337115782728826918e+00,-5.330247831804688641e-01
2.145783632285022335e+00,3.751146479581264792e+00,-1.076008030245616975e+00,1.548552624114931664e+00
8.233090894898427159e-01,2.816372365639598918e+00,-7.937223860305627765e-01,-1.259179824982082918e-01
4.301637722930419017e+00,-2.595347294606293875e-01,2.943405342418688453e-01,4.571526489206224619e-01
3.515577190130614760e+00,2.604850756439792137e-01,-2.015389529923694301e-01,5.951321790537064116e-01
4.140641606134445318e+00,7.424445820361290638e-01,-8.752004392066413396e-02,3.991918919406378108e-01
1.514482923829967742e+00,-1.898063691121903152e-01,-3.338920848951429377e-01,-2.107084500792366644e+00
3.595514056876448983e+00,-4.085197540958325768e-01,1.628254376469464304e-01,4.434307922310161687e-01
8.718507695549243541e-01,-4.186151777008209063e-01,-3.921846625597771308e-01,-2.035172349076226794e+00
1.085816293475347694e+00,-1.368659998956077706e-01,-3.423246135691151992e-01,-1.730857343874656840e+00
3.463904226171758527e+00,-4.063100485646337079e-01,5.735378088015710141e-01,-2.378311334598923465e-01
3.942469284230708304e+00,-5.700215843247343761e-01,4.059106912804822942e-01,5.927623639909350706e-01
1.465876841774155004e+00,-2.231442445006302511e-01,-3.550221995702746991e-01,-1.890343601536806251e+00
1.969445043665062123e+00,3.951565697063060156e+00,-1.179049659564956221e+00,1.330963070401922188e+00
9.554689275883654354e-01,2.868158216573476693e+00,-1.310335892246964118e+00,-3.095406124458086050e-01
2.057056594960973150e+00,-2.677755410864818275e-01,-1.423839885955279216e-01,-1.099584039614232900e+00
1.172617178578136299e+00,1.809037666061703131e+00,-1.083537895345642488e+00,-7.381084827835143747e-01
-4.607145424405612727e-02,2.350407470474253024e+00,-1.317939194587120166e+00,-1.085515300478957279e+00
1.685356932226229398e+00,2.538420682665434303e+00,-9.250721917114215209e-01,2.866627710739544921e-01
1.374029859170742718e+00,3.185302664905800274e+00,-1.208864879782727053e+00,6.782724680147192986e-01
3.247395526431212431e+00,5.552875736359562664e-01,-6.829114090218174615e-02,1.730067025809415848e-01
1.822771290795321075e+00,1.539601476228581678e+00,-9.852547449354560616e-01,-7.884905339541499192e-01
9.084565226316366759e-01,3.012693479527046136e+00,-1.192969868772688180e+00,1.740210418564368811e-01
1.030147438326845855e+00,7.182102566699058999e-01,-7.724566149279470384e-01,-1.773100876493312938e+00
1.214032675294519636e+00,3.128144727189277940e+00,-1.268431099920333205e+00,1.338334741450998011e-01
2.414596919052336421e+00,-1.831051925499575517e-01,-2.497864275545917390e-01,-8.059821029835537720e-01
1.145108065620942472e+00,3.253100904313495523e+00,-1.076209508076246824e+00,7.247031104103835997e-01
2.420297732643715172e+00,2.642666329377370005e+00,-9.333590089032318682e-01,1.409255738642274658e-01
8.820967969613306980e-01,3.005780430275825310e+00,-1.076235142588892080e+00,4.606793570350484757e-01
1.067614316329796198e+00,1.145067532604000737e+00,-8.916936119600682442e-01,-1.301913664400752957e+00
3.811194791243543545e+00,9.223594916583685022e-01,-1.131872474651531152e-01,5.586941297431040621e-01
1.226702863432122204e+00,3.000762794834019864e+00,-1.047029369527507026e+00,5.097252052031752134e-01
7.520221449725575935e-01,3.140596993127294123e+00,-1.091532531050657173e+00,2.451649556081587633e-01
6.625925206806771994e-01,2.145293497536081340e+00,-1.249851091958677607e+00,-7.056742337709459578e-01
1.346243276599730088e+00,3.109163425324128482e+00,-1.174416113996070266e+00,4.978688543090120100e-01
3.592362603493188811e-01,2.514273326352913340e+00,-1.407696866569065453e+00,-4.901344321791501479e-01
8.627257533752299423e-01,3.104102155307053579e+00,-9.850542306783794944e-01,1.015281442798474099e-01
1.264874739961923344e+00,3.474065611931602238e+00,-9.044770138658483338e-01,9.494931874756460388e-01
4.924885055199329509e-01,2.692575943144355222e+00,-1.017702495879713842e+00,-4.386277793584928732e-03
1.970254194340075093e+00,3.946121867633493707e+00,-1.014169304939951832e+00,1.365782446931457006e+00
5.672296358887956025e-01,5.581775965978381659e-01,3.189084512940063565e+00,1.429313380291675317e+00
-2.678544875992368013e-01,1.051507545661566123e+00,1.010001810204594896e+00,1.313454039190233291e-01
2.043816188027430591e+00,-7.338146571793817685e-01,4.905037004208863127e-01,-5.568875592695212706e-01
2.593810377674098611e+00,-2.301722610810737479e-01,1.452398189999598799e+00,2.145020064999919041e-01
3.723588504214356276e-01,9.302151238283220547e-01,1.601205037187300784e+00,4.659176405469991900e-01
-1.492022303065806410e-01,4.438684895888484472e-01,2.596935726103564601e+00,1.335919641364873289e-01
5.100184846264107508e-01,1.207110771598846721e+00,1.581639075197021960e+00,1.088742734665285372e+00
9.434044184677444767e-01,-4.599299040463796784e-01,1.401544263316448768e-01,-1.551667079034229069e+00
2.751456572957310387e-01,9.955158127399765799e-01,1.407472365133477732e+00,7.965233192687584118e-01
5.228343754929413167e-01,7.017117471357544600e-01,2.864612713234252261e+00,1.029640877518964714e+00
-3.309520012557345958e-01,8.310678446309596179e-01,1.197401421640773123e+00,4.247513194629485289e-01
2.499992148962551508e-01,6.831238116076812084e-01,1.172117322217646196e+00,-2.958457725249813430e-01
2.146681845611265960e+00,7.360776118891286801e-01,1.251865027822906651e+00,4.976839649448611680e-01
1.798898786169354613e+00,-6.533379251880166994e-01,5.026428795894777313e-01,-6.740910806215659745e-01
-2.329572201908128859e-01,5.635186379745851237e-01,1.163799967744689301e+00,5.161216640123383881e-01
1.989544401887616498e+00,-5.762575849949056472e-01,5.663736952439928363e-01,-5.483291060234510850e-01
1.246845667397474378e+00,-6.923142063213710840e-01,4.168439650028253896e-01,-1.394570237528469869e+00
2.211483798409850099e+00,-8.124157166383999540e-01,5.494704621842146919e-01,-2.212814882039772224e-01
1.743298906575590168e+00,-8.359750256980374994e-01,2.684307980203590183e-01,-7.998498295634524080e-01
1.808212848992241994e+00,-4.834029496852892960e-01,7.465858605957781391e-01,-6.045122006455089236e-01
1.033425366882445573e+00,-1.888131296375983037e-01,6.906039521801987657e-01,-7.677869460244450828e-01
3.840832315527032970e-01,8.800224667428380165e-01,2.237463273649458628e+00,6.358427043524239597e-01
1.917468600559995462e+00,-4.877972876050186146e-01,3.796034373056456634e-01,-3.336420043610929809e-01
2.225301089301155333e+00,-2.350417891183917973e-01,7.785799154385917298e-01,-9.452809572553672046e-02
6.034168289263565077e-01,1.170305024378968772e+00,2.756463186466818094e+00,1.145700303726868263e+00
1.355830788827633082e+00,-7.220971931749873285e-01,3.156477764301581224e-01,-7.791753619995712699e-01
1.441125546279063752e+00,-7.882495689953500362e-01,2.824978293721780997e-01,-9.286750093377261761e-01
1.040314353050771912e+00,-4.551838958042058736e-01,8.040017859903613173e-01,-1.006508347442687468e+00
-1.054516616173876153e+00,7.677107707724696584e-02,1.077302738822975448e+00,-6.874324207302849876e-01
-8.448218102602038648e-01,7.337862132595407427e-01,7.514811381144812508e-01,-5.014020219658157362e-01
-4.900906484482395742e-01,3.903671603998140061e-01,2.354965109468326379e+00,4.674022745532135925e-01
6.518387952073914082e-01,7.136204538053175783e-01,3.211082396361661928e+00,1.673621487198422964e+00
-8.584866910272873075e-02,3.780476591488713956e-01,2.464372923921445135e+00,1.045637657981000279e+00
1.636186607547247540e+00,5.653600705990306091e-03,4.480554896843420010e-01,-8.786009739705219826e-03
-1.081009159429942468e+00,7.551464236496610027e-01,6.715627762576524828e-01,-1.011641148993380090e+00
3.445520476668824661e-01,4.911361247688442178e-01,3.106068853734750057e+00,1.220613225339387764e+00
7.479142808211977078e-01,7.210767017378317822e-01,2.931120879923950540e+00,1.542731942584743887e+00
-6.089338796704919510e-01,3.523289750744080795e-01,2.334935340884403576e+00,3.491643491258467624e-01
-8.265913640172166676e-01,6.191401874883315504e-01,8.458439888653586092e-01,-8.718414570468378810e-02
2.834140524087111146e+00,-3.481726002982549750e-01,3.270911040768036959e-01,-3.340341362412742598e-01
1.949232151016370373e+00,-8.848706689670933212e-01,2.539662941000206953e-01,-1.544026032877812149e+00
2.662156846580905789e+00,-5.039904405846590274e-01,2.579312555129584239e-01,-4.816169408769506721e-01
7.267865425471927709e-01,5.195597506521762998e-01,3.491395211241581364e+00,1.264045883318182462e+00
2.006900256281802797e+00,5.167516433114067720e-01,2.825423917590755840e-01,-6.801966150991348714e-01
1.305097751824961128e+00,8.463924592825136095e-01,3.498163708826786955e+00,1.561588242565624007e+00
2.380238240499380709e+00,-4.693026873031834190e-01,4.456831153824633018e-01,-7.434359107668621069e-01
1.768718104193052199e+00,7.435669970292647923e-02,1.038832818915071288e+00,-1.438994951922080379e+00
4.136277369757473954e-01,-5.344086303740751553e-01,1.083711195468584909e-01,-2.251186456960879934e+00
2.333427431450915801e+00,-6.742117930297374384e-01,5.516286644979916387e-01,-3.447832894229101441e-01
1.419259928797038661e+00,3.116058888577795671e-01,3.303168631048614134e-01,-1.229351152052442275e+00
9.067742878867093292e-01,1.282174626666574349e-02,5.171292263858703331e-01,-9.046655506833717331e-01
2.319802034853585493e+00,5.149374134790295487e-01,2.684614159092051811e+00,1.009006442952374627e+00
3.535770238706537061e+00,-4.348159371551564845e-01,4.252348986402608166e-01,2.615467211625924215e-01
7.234268816447028128e-01,1.897917499415336495e+00,1.140961544342235179e+00,2.876772182445466175e-01
2.001680851029072450e+00,-3.782559278227433097e-01,2.730836947058321029e-01,-1.091092987939876302e+00
2.030689326572933773e+00,-6.684592026917222096e-01,9.162884247237768065e-02,-5.467059759055001855e-01
1.646840422090398937e+00,-4.683056702973074636e-01,2.894243352486000620e-01,-1.109524778130463130e+00
3.058012806163000974e+00,-4.890081167054424749e-01,5.444814931784981438e-01,-1.271245800274765636e-01
2.899469549270421886e+00,-3.297238837247168930e-01,1.010686066240318093e+00,-3.733509438710983508e-01
1.450673069870182852e+00,-2.968580027696143819e-01,1.711138354020918517e-01,-1.880590838420944211e+00
2.076943861240013955e+00,3.424025794714630755e-01,5.710488072449260155e-01,-6.994191914354299655e-01
4.013178607397038800e-01,-3.728482757442393436e-01,6.039275634534978510e-01,-1.794632551083840344e+00
1.526895293239508788e+00,-3.780275963454927668e-01,1.449341655014429464e-01,-1.298253248236437285e+00
2.163541664527532493e+00,-3.668205941394775405e-01,1.073027171888681075e-01,-1.477239177434475303e+00
8.529548232753986214e-01,5.956988919005423710e-01,3.273956427642588984e+00,1.297215334057957303e+00
2.997557767210548452e+00,3.211908497524227912e-01,6.429932995533502726e-01,-1.139167201570324833e-01
2.603359113690385751e+00,1.575343966477089908e-01,2.416273256454632978e+00,8.953196118189263863e-01
2.673355910239817224e+00,-5.660577404707223259e-01,4.144239439140363634e-01,-6.125393011409350219e-01
1.190202640692398894e+00,7.653835322943997044e-01,3.905132028862964511e+00,1.944401460351790512e+00
2.680000751738634612e+00,-5.876970736469352419e-01,3.907891326774772245e-01,-4.048286054961772185e-01
7.127838807353987782e-01,5.736425834631495579e-01,3.430452374771652213e+00,1.252454981262694389e+00
4.625189965869532793e-01,4.936178145633350334e-01,3.123938280578512305e+00,9.494614742229561255e-01
1.597461238990362520e-01,5.008157484985374941e-01,2.572082727916037648e+00,8.385713472994998918e-01
-5.103957916823665952e-01,2.847824324213124036e-01,2.330406464108398801e+00,1.113432541292377620e-01
1.148747835452360311e-01,6.432005318909387315e-01,8.261373688490547540e-01,-3.639236087540347331e-01
-5.100129820781211798e-01,1.316291526836359083e+00,4.585091438750869830e-02,-1.082103752158644294e+00
3.465879037938485729e-01,6.261025769113403028e-01,3.004851670478183578e+00,1.280998922228158809e+00
-3.400669747557790723e-01,3.005343436660893319e-01,2.727039041924121499e+00,5.671434719946384373e-01
7.191761975261902196e-01,4.471015901451672603e-01,3.111453699573106135e+00,8.915165258822125294e-01
-2.070645448874912087e-01,4.962137894606257205e-01,2.776530766272980788e+00,5.346733425383239924e-01
7.397516174534326527e-01,7.835013517863230748e-01,9.876408533867054862e-01,2.170565657207522425e-02
-4.560963264616273993e-01,2.990265633274428181e-01,2.230101503881430247e+00,2.327700265164786841e-01
8.315306501615413737e-01,-6.528807671718005468e-01,5.559589103788685760e-01,-1.076904377463523410e+00
1.198884752948437965e-01,5.463416190150502949e-01,2.717454458509898085e+00,7.920875801103064440e-01
2.476858789405047001e-01,5.423181918414942126e-01,2.786465067882111679e+00,9.182672517895601461e-01
3.120889445925083550e-01,5.251179241668121334e-01,2.898404210081599430e+00,1.149341657495152713e+00
1.742436789378572215e-01,7.250096744751288735e-01,2.872010964076414652e+00,1.003210882219145228e+00
-3.076650087499697706e-01,5.483835694500529545e-01,1.499300821901737413e+00,-5.604734255799046494e-01
-4.494097637255321520e-01,4.431072076066011056e-01,7.668824304772233758e-01,-7.677974905688805807e-01
7.874796803699126713e-01,8.332430815048746942e-01,8.638928934144873839e-01,1.264085196451250337e-01
3.359876487186138627e-01,5.648358115901520593e-01,8.785886169414358626e-01,-4.008214278023307653e-01
1.341643400913226369e-01,6.974710133300484616e-01,9.443431164695987867e-01,-3.483420447264721220e-01
-9.235539917436531576e-01,3.362324834447645849e-01,1.569584844512176058e+00,-4.494449552342801857e-01
-1.143498417185958793e+00,1.829301142509396072e-01,1.350923392545579693e+00,-8.830844998505060772e-01
-6.249885105505377236e-01,3.019734457738864064e-01,4.171074817340257868e-01,-7.642363897480473067e-01
5.711701024531952164e-01,8.464203981969634638e-01,1.657962476654275319e+00,1.537009508669756608e-01
-1.845722403972373526e-01,5.550720267650117723e-01,4.708820852970813098e-01,-7.411445589609096940e-01
-3.129553622816351743e-01,5.562083177967074299e-01,2.574903638926023253e-01,-1.207674200544893717e+00
6.212046432534992224e-01,7.484084404066957408e-01,8.718698373089358578e-01,-4.514935804169278866e-01
5.547349734981430469e-01,8.218217874653240829e-01,1.265068542497726156e+00,-2.765753590230052685e-04
-4.856702099632225211e-01,4.377115997633638789e-01,1.182932292027585319e+00,-2.371929792565021233e-01
-1.189083658788744113e+00,1.778172146431406808e-01,1.496888756847997604e+00,-6.101827315189214396e-01
-1.090764033613948802e+00,2.066928191046391583e-01,9.283573356602493609e-01,-1.030721735769931646e+00
-1.940693886817033420e-01,5.819118153786387859e-01,7.305926895548522371e-01,-6.684526964194673626e-01
5.188119963076150976e-01,6.933935823692963796e-01,1.297544897312603585e+00,-2.022727698556846532e-01
-2.676600090155718537e-01,5.104435122015931192e-01,2.734171098021836777e+00,4.664591110017483055e-01
-5.023848125693638478e-01,4.780783072057702143e-01,1.503322499010266711e+00,-4.027445682565062857e-01
-9.908540590329972808e-01,3.314630614866901914e-01,1.225114684363780571e+00,-8.624629987120595587e-01
-1.003180108900397327e+00,2.068578795065268150e-01,1.763041885085665061e+00,-4.132097034387773871e-01
-9.058156834566470916e-01,2.637247171421682190e-01,1.585240150815244942e+00,-3.329447268357312306e-01
7.278388989777176410e-02,5.402497373739721942e-01,5.492822542792917817e-01,-3.948068873365817022e-01
3.375132882009316049e+00,-2.447689502592007849e-01,2.278098034474090594e-01,-1.836248819218894157e-01
6.992263582379305564e-01,-1.395507203088794668e-01,-9.665542401173304876e-02,-1.322780120461211961e+00
9.407719890765063875e-01,2.816236210336505064e+00,-9.063496638200814193e-01,3.291263069460186319e-01
1.587666204846200912e+00,1.021899890352205187e+00,-5.018179723739337739e-01,-1.133482744294409983e+00
-4.955436655378881450e-01,6.864733601522157169e-01,1.388484714802838083e+00,-5.279908557006133263e-01
1.908028648544135342e+00,-6.231130463954482473e-02,6.040914580228824715e-02,-9.190689316145262966e-01
2.163896790924814795e+00,-3.189521843859047801e-01,-1.032425698188192964e-01,-1.391797899805302441e+00
2.033672352191310817e-01,2.431674887672823804e+00,-1.023565603805667967e+00,-5.718334046841716534e-01
5.398131152282361622e-01,-2.448139277377407719e-01,-4.941963945612281583e-01,-2.381954997319755130e+00
1.503028844477597437e+00,-5.004698139683834146e-01,4.267695819100899429e-02,-1.275719254508640432e+00
5.947207632781863484e-01,-1.934866704150081107e-01,-3.294762199878059628e-01,-2.363189426912356783e+00
7.148230097504507663e-01,-4.978652484701156511e-01,-2.158581895762062830e-01,-2.055417559041301967e+00
1.774900429231749399e+00,-2.304823373587109869e-01,-9.715599021595916485e-02,-1.411800140102377865e+00
-5.664233902679796651e-02,1.455830580882081227e-01,1.443373642850899419e+00,-8.693978411338009193e-01
1.847826421883634884e+00,-1.186626155843576308e-01,5.518601022149584312e-02,-1.514137919446910008e+00
3.109860236291002611e+00,3.028962763927051660e-01,7.328688648994045041e-01,5.587236852105195162e-01
6.549026996347755425e-01,-1.792522440149083018e-01,-3.681664958987322933e-01,-2.113090461336012638e+00
1.795070334227602871e+00,-3.596048679491208322e-01,1.041526487181177740e-01,-1.113694559029958731e+00
1.448884563110544255e+00,-2.724358954685610623e-01,-2.260456837796914198e-01,-2.327609822233151160e+00
4.858461100054281001e-01,-1.469706962988275578e-01,-2.924243897205480169e-01,-2.209412848611410407e+00
2.530874860406114202e+00,-1.891460570343460323e-01,1.380026675981062545e-01,-6.922388171299143078e-01
-1.768002630578011658e+00,-1.748806951691079525e-01,-2.109650803396352636e-01,-1.693891858378139270e+00
8.987891677222882292e-01,-3.604063685201399636e-01,-1.335263902504706945e-01,-1.803938202965947646e+00
1.499143561642740874e+00,-3.674828344670392766e-01,-1.479226970995079112e-02,-1.551237228529299017e+00
2.176833705093319082e+00,-4.182511770135396434e-01,8.996027681385891650e-02,-8.300667182405943034e-01
2.419674817453494331e+00,-3.839624854868753934e-01,5.656267973313373193e-02,-4.590924979432781106e-01
2.861380134113039375e+00,-3.024820446654024053e-01,2.788941990594660525e-01,-4.955795171675130839e-01
9.170808509865842062e-01,-3.177102910121272772e-01,-4.910135389305366194e-01,-2.066046421174316361e+00
3.491909179455753964e+00,-5.876248914443190641e-01,4.232882339180988884e-01,-1.836137763105900045e-01
1.459116522067149591e+00,-3.004357176762522119e-01,-4.821647760669481864e-01,-2.037186152265580308e+00
3.083605130173375564e+00,-5.667115348710336509e-01,1.544053283588965042e-01,-2.673593076495965892e-01
2.643671168694353479e+00,-4.169898292024735165e-01,4.556177594445802170e-01,-4.888846140003062501e-01
1.086037044874775148e+00,-3.184422123771660229e-01,-2.751015273891215807e-01,-1.996966452787397150e+00
5.580303650900749757e-01,2.796707674117845155e+00,-9.991677358678051624e-01,9.993514862867693138e-02
2.248560154570232061e+00,-4.241797224413233480e-01,1.286683211879361410e-01,-7.588613001595985175e-01
2.836100657173370010e+00,-3.832645677688581443e-01,6.679572186814836110e-01,-1.349459684654417957e-01
1.350724685034202954e+00,-7.127985509842177381e-02,-5.137271016637154908e-01,-2.125213136478230069e+00
1.060108561069063454e-01,2.468634609235531130e+00,-9.360769119357752466e-01,-4.578524901073547371e-01
7.808434899874800994e-01,-3.226195683612778642e-01,-4.543761297935750010e-01,-2.339673163251109855e+00
4.000088200703574515e+00,-2.860436069395841385e-01,9.320417079152035211e-02,-7.288475902322534283e-01
3.418622864187080834e-01,1.095200440972416311e+00,1.581769626552719910e+00,1.471581579478750568e+00
2.400627947876112778e+00,-3.257714207876670209e-01,1.816315978494568995e-02,-7.957661067696230051e-01
8.556809486020254818e-01,-3.043692900849564453e-01,-2.365468387557445873e-01,-2.030099667821621878e+00
6.041496733667416352e-01,2.681186798361956392e+00,-1.084695964513080035e+00,1.222208768270928621e-02
7.553750621495696205e-01,3.574869630369980067e-01,-5.145090345421680228e-02,-1.826779111852458337e+00
3.594824512214963352e+00,-2.093502955774714236e-01,3.524089333292727000e-01,-5.947464779608427898e-01
1.005114899866388134e+00,2.504423126426294152e-02,-3.307830216238575316e-01,-2.467549925894301222e+00
8.605799909893148136e-01,3.000890453349920772e+00,-8.262073198876174196e-01,1.001680587535039996e-01
1.459666635212040653e+00,-4.735288147964634153e-01,1.620228052462505813e-02,-1.287066343584200911e+00
1.392787566401821886e+00,3.418790829876928949e+00,-9.123026097322235461e-01,7.266936674081725389e-01
3.362307219299056626e+00,-5.071550069483453660e-01,8.158847148174515063e-01,-7.405128436113639356e-01
1.322034680436390941e+00,-3.012121249145433555e-01,-3.226816909326052918e-01,-1.934509533480866628e+00
1.372953442367431220e+00,-1.025904788593340888e-01,-5.483093730463954873e-01,-2.035906451313446830e+00
1.829825222728098000e+00,-2.012133495010545448e-01,-1.317932926004977134e-01,-1.826699413344021528e+00
2.745091518441788558e+00,-5.952455624106016696e-01,1.581744930885060352e-01,-3.254436215637382390e-01
3.020834038287655066e+00,-4.963140339647932331e-01,3.376643441755503572e-01,-9.611588516608898791e-02
